55,retired,married,secondary,no,466,no,no,unknown,17,jun,287,4,-1,0,unknown,no,0.466
47,management,single,tertiary,no,153,yes,no,cellular,18,nov,192,2,-1,0,unknown,no,0.153
57,admin.,married,secondary,no,808,no,no,cellular,14,jul,417,3,-1,0,unknown,no,0.808
52,technician,married,secondary,no,195,yes,no,cellular,18,feb,220,1,63,5,failure,yes,0.195
32,management,single,tertiary,no,473,yes,no,cellular,11,may,72,2,361,1,other,no,0.473
33,management,single,tertiary,no,71,no,no,cellular,22,aug,107,6,-1,0,unknown,no,0.071
27,services,married,secondary,no,0,yes,no,cellular,23,jul,198,13,-1,0,unknown,no,0.0
63,retired,married,secondary,no,474,no,no,cellular,25,jan,423,1,-1,0,unknown,yes,0.474
59,blue-collar,married,primary,no,2814,no,no,unknown,20,jun,81,3,-1,0,unknown,no,2.814
35,unknown,married,primary,no,365,no,no,cellular,29,aug,41,2,-1,0,unknown,no,0.365
42,housemaid,single,primary,no,5774,yes,no,unknown,15,may,54,2,-1,0,unknown,no,5.774
47,blue-collar,single,unknown,no,2443,no,no,unknown,18,jun,422,1,-1,0,unknown,no,2.443
42,admin.,single,secondary,no,1022,yes,no,unknown,5,may,146,2,-1,0,unknown,no,1.022
58,retired,married,secondary,no,3382,no,yes,cellular,28,may,294,2,309,2,failure,no,3.382
39,technician,married,unknown,no,839,no,no,unknown,30,may,825,2,-1,0,unknown,no,0.839
35,blue-collar,married,primary,no,298,yes,no,cellular,13,may,135,2,370,2,failure,no,0.298
54,management,divorced,tertiary,no,0,no,yes,cellular,10,jul,88,1,-1,0,unknown,no,0.0
35,unemployed,married,secondary,no,978,no,no,cellular,29,dec,1370,3,209,3,success,yes,0.978
37,admin.,single,secondary,no,781,no,no,cellular,20,aug,75,1,-1,0,unknown,no,0.781
64,housemaid,married,primary,no,768,no,no,cellular,15,jul,250,2,182,1,success,no,0.768
46,admin.,single,secondary,no,1790,yes,no,unknown,5,jun,214,5,-1,0,unknown,no,1.79
35,management,married,tertiary,no,1253,yes,no,unknown,19,may,210,2,-1,0,unknown,no,1.253
42,retired,single,tertiary,no,308,no,no,cellular,30,jan,114,2,-1,0,unknown,no,0.308
36,management,married,tertiary,no,860,yes,no,unknown,20,may,294,15,-1,0,unknown,no,0.86
34,admin.,married,secondary,no,5320,no,no,cellular,3,mar,114,6,467,5,other,no,5.32
36,management,single,tertiary,no,613,no,no,cellular,7,aug,86,2,-1,0,unknown,no,0.613
44,blue-collar,married,secondary,no,-674,yes,no,unknown,5,may,257,1,-1,0,unknown,no,-0.674
49,management,married,primary,no,3371,no,no,cellular,11,nov,269,2,-1,0,unknown,yes,3.371
29,blue-collar,single,secondary,no,770,yes,no,cellular,17,apr,341,1,-1,0,unknown,no,0.77
36,student,single,unknown,no,386,no,no,unknown,18,jun,359,2,-1,0,unknown,no,0.386
69,retired,married,primary,no,279,no,no,telephone,12,aug,26,1,-1,0,unknown,no,0.279
41,entrepreneur,married,tertiary,no,171,yes,no,cellular,19,nov,209,1,191,4,failure,no,0.171
55,entrepreneur,married,secondary,no,204,no,no,cellular,14,jul,455,13,-1,0,unknown,no,0.204
47,services,divorced,secondary,no,4906,yes,no,unknown,14,may,389,1,-1,0,unknown,no,4.906
41,technician,married,tertiary,no,0,no,no,unknown,20,jun,95,1,-1,0,unknown,no,0.0
40,blue-collar,married,secondary,no,6767,yes,no,cellular,20,nov,97,2,-1,0,unknown,no,6.767
49,services,married,secondary,no,2201,yes,no,unknown,15,may,233,3,-1,0,unknown,no,2.201
78,retired,divorced,primary,no,229,no,no,telephone,22,oct,97,1,-1,0,unknown,yes,0.229
28,management,single,tertiary,no,4937,yes,no,telephone,13,may,421,3,-1,0,unknown,no,4.937
37,blue-collar,married,secondary,no,-67,no,no,cellular,2,feb,157,1,-1,0,unknown,no,-0.067
42,services,married,secondary,no,-91,yes,yes,cellular,5,feb,43,1,-1,0,unknown,no,-0.091
36,blue-collar,married,secondary,no,-231,no,yes,cellular,15,jul,779,2,-1,0,unknown,no,-0.231
28,blue-collar,married,secondary,no,4287,no,no,cellular,30,apr,171,1,-1,0,unknown,no,4.287
30,housemaid,single,tertiary,no,868,no,no,cellular,7,aug,387,2,-1,0,unknown,no,0.868
32,technician,single,secondary,no,6402,yes,no,cellular,6,may,158,1,167,1,success,no,6.402
43,services,married,primary,no,2567,yes,no,cellular,14,may,109,1,360,2,failure,no,2.567
32,management,divorced,tertiary,no,874,no,no,cellular,12,aug,1282,6,-1,0,unknown,yes,0.874
49,unknown,married,unknown,no,301,no,no,cellular,14,aug,789,2,-1,0,unknown,no,0.301
32,technician,single,secondary,no,29,no,no,cellular,19,aug,156,2,-1,0,unknown,no,0.029
34,services,divorced,secondary,no,991,yes,no,cellular,6,may,89,1,344,1,failure,no,0.991
33,self-employed,married,tertiary,no,263,no,no,cellular,4,may,119,2,-1,0,unknown,no,0.263
50,technician,married,secondary,no,0,no,no,cellular,7,jul,152,2,-1,0,unknown,no,0.0
33,technician,married,tertiary,no,75,no,no,cellular,21,jul,204,4,-1,0,unknown,no,0.075
33,management,married,tertiary,no,1808,yes,no,unknown,4,jun,99,4,-1,0,unknown,no,1.808
39,technician,divorced,tertiary,yes,3,no,no,cellular,6,may,488,1,-1,0,unknown,yes,0.003
50,unemployed,divorced,secondary,no,32,no,no,cellular,4,aug,282,2,-1,0,unknown,no,0.032
44,technician,divorced,unknown,no,759,yes,no,unknown,23,may,397,1,-1,0,unknown,no,0.759
49,blue-collar,married,secondary,no,-55,no,no,unknown,17,jun,150,3,-1,0,unknown,no,-0.055
30,management,single,tertiary,no,162,yes,no,unknown,20,may,186,4,-1,0,unknown,no,0.162
40,unemployed,married,secondary,no,219,yes,no,cellular,17,nov,204,2,196,1,failure,no,0.219
35,blue-collar,married,primary,no,793,yes,no,cellular,17,apr,106,1,-1,0,unknown,no,0.793
30,services,married,secondary,no,227,no,yes,unknown,3,jun,23,1,-1,0,unknown,no,0.227
41,entrepreneur,married,tertiary,no,221,yes,no,unknown,14,may,57,2,-1,0,unknown,no,0.221
38,unemployed,married,tertiary,no,1449,no,no,unknown,26,may,535,6,-1,0,unknown,no,1.449
34,admin.,single,primary,no,0,yes,yes,cellular,6,may,172,4,-1,0,unknown,no,0.0
26,technician,single,secondary,no,7,yes,no,cellular,22,jul,188,2,-1,0,unknown,no,0.007
34,services,divorced,secondary,no,44,no,no,unknown,9,jun,118,1,-1,0,unknown,no,0.044
30,self-employed,married,secondary,no,123,no,yes,unknown,17,jul,66,1,85,5,other,no,0.123
50,blue-collar,married,primary,no,2142,yes,no,cellular,29,jan,309,2,224,1,other,no,2.142
49,self-employed,married,primary,no,489,yes,no,unknown,27,may,84,4,-1,0,unknown,no,0.489
54,entrepreneur,married,unknown,no,1956,no,no,cellular,19,nov,221,5,-1,0,unknown,no,1.956
26,technician,single,secondary,no,455,no,no,cellular,29,jan,240,1,182,8,other,no,0.455
58,admin.,married,secondary,no,3496,yes,no,unknown,2,jun,111,4,-1,0,unknown,no,3.496
33,admin.,divorced,secondary,no,661,yes,no,cellular,18,nov,411,1,173,2,other,no,0.661
36,blue-collar,divorced,primary,no,-308,yes,no,cellular,12,may,725,1,-1,0,unknown,yes,-0.308
38,self-employed,married,secondary,no,279,yes,no,unknown,28,may,110,5,-1,0,unknown,no,0.279
54,technician,married,secondary,no,0,no,no,telephone,16,nov,986,1,94,8,failure,no,0.0
33,management,divorced,tertiary,yes,280,no,yes,cellular,18,nov,155,1,-1,0,unknown,no,0.28
35,technician,married,tertiary,no,188,no,no,cellular,26,aug,286,2,-1,0,unknown,no,0.188
46,technician,married,secondary,no,966,yes,yes,cellular,19,aug,40,2,-1,0,unknown,no,0.966
38,blue-collar,married,primary,no,1679,yes,no,unknown,20,jun,21,18,-1,0,unknown,no,1.679
46,blue-collar,married,secondary,no,-1400,yes,no,telephone,6,may,309,3,355,4,failure,no,-1.4
37,blue-collar,married,primary,no,0,yes,no,unknown,26,may,24,1,-1,0,unknown,no,0.0
31,management,single,tertiary,no,6248,yes,no,unknown,9,may,154,2,-1,0,unknown,no,6.248
35,management,divorced,tertiary,no,649,no,no,cellular,16,apr,177,1,-1,0,unknown,no,0.649
57,retired,married,tertiary,no,0,yes,yes,unknown,28,may,648,1,-1,0,unknown,yes,0.0
31,unemployed,married,secondary,no,3242,no,no,unknown,25,jun,292,2,-1,0,unknown,no,3.242
58,retired,married,unknown,no,937,no,no,cellular,5,aug,155,1,-1,0,unknown,no,0.937
49,technician,married,tertiary,no,279,yes,no,unknown,19,may,168,4,-1,0,unknown,no,0.279
38,services,married,secondary,no,-314,yes,no,unknown,28,may,66,2,-1,0,unknown,no,-0.314
43,blue-collar,married,secondary,no,10910,yes,no,cellular,15,may,66,2,-1,0,unknown,no,10.91
33,technician,divorced,secondary,yes,10,yes,yes,cellular,18,nov,167,5,-1,0,unknown,no,0.01
35,housemaid,married,tertiary,no,1265,yes,no,cellular,15,may,326,5,179,4,failure,yes,1.265
69,retired,married,primary,no,579,no,no,cellular,14,aug,230,1,-1,0,unknown,no,0.579
38,blue-collar,single,secondary,no,578,yes,no,unknown,21,may,112,2,-1,0,unknown,no,0.578
26,self-employed,single,tertiary,no,211,no,no,cellular,29,jan,168,3,-1,0,unknown,no,0.211
28,technician,single,secondary,no,3,no,no,telephone,18,may,40,8,349,6,failure,no,0.003
53,housemaid,married,primary,no,2581,no,no,cellular,15,apr,99,1,-1,0,unknown,no,2.581
43,blue-collar,single,primary,no,2,yes,no,cellular,30,jul,783,3,-1,0,unknown,no,0.002
42,entrepreneur,divorced,tertiary,yes,2,yes,no,unknown,5,may,380,1,-1,0,unknown,no,0.002
34,admin.,married,secondary,no,645,yes,no,unknown,19,may,420,1,-1,0,unknown,no,0.645
35,management,married,tertiary,no,106,no,yes,cellular,11,aug,588,2,-1,0,unknown,no,0.106
36,technician,married,tertiary,no,491,yes,no,unknown,8,may,103,3,-1,0,unknown,no,0.491
47,technician,married,secondary,no,826,yes,no,telephone,18,nov,195,3,112,8,other,no,0.826
39,blue-collar,married,primary,no,1506,yes,no,cellular,11,may,299,2,-1,0,unknown,no,1.506
35,services,married,secondary,no,0,no,yes,telephone,9,jul,42,1,-1,0,unknown,no,0.0
45,admin.,married,secondary,no,72,yes,yes,cellular,15,may,262,2,352,2,failure,no,0.072
54,management,married,tertiary,no,55,yes,no,cellular,2,jun,112,2,-1,0,unknown,no,0.055
32,self-employed,married,secondary,no,-33,yes,no,unknown,28,may,234,3,-1,0,unknown,no,-0.033
46,entrepreneur,single,tertiary,no,1410,yes,no,cellular,19,nov,93,1,189,8,failure,no,1.41
40,blue-collar,married,primary,no,2805,yes,no,cellular,14,may,173,6,353,23,failure,no,2.805
36,self-employed,married,tertiary,no,16430,yes,no,unknown,6,jun,197,3,-1,0,unknown,no,16.43
39,management,single,tertiary,no,12437,no,no,telephone,18,nov,40,1,-1,0,unknown,no,12.437
52,management,married,tertiary,no,0,yes,no,cellular,9,jul,197,1,-1,0,unknown,no,0.0
52,admin.,married,secondary,no,395,yes,no,unknown,15,may,391,3,-1,0,unknown,no,0.395
48,admin.,married,secondary,no,8,no,yes,cellular,7,jul,46,1,-1,0,unknown,no,0.008
31,admin.,single,secondary,no,1588,yes,no,unknown,3,jun,14,1,-1,0,unknown,no,1.588
32,blue-collar,married,secondary,no,687,yes,no,unknown,9,may,61,1,-1,0,unknown,no,0.687
41,blue-collar,married,secondary,no,552,yes,no,cellular,12,may,463,1,-1,0,unknown,no,0.552
57,management,married,tertiary,no,320,no,no,cellular,7,aug,76,2,-1,0,unknown,no,0.32
31,services,single,secondary,no,2070,no,no,cellular,29,aug,319,2,-1,0,unknown,no,2.07
56,blue-collar,married,secondary,no,2190,no,yes,cellular,30,jan,90,2,232,1,failure,no,2.19
32,technician,single,secondary,no,309,yes,yes,cellular,16,apr,346,1,234,3,failure,no,0.309
43,self-employed,married,secondary,no,104,no,no,unknown,17,jun,332,1,-1,0,unknown,no,0.104
37,management,married,tertiary,no,502,yes,no,cellular,7,may,551,1,351,1,failure,no,0.502
34,blue-collar,single,primary,no,464,yes,no,cellular,18,may,173,1,299,2,other,no,0.464
53,admin.,single,secondary,no,1178,yes,no,unknown,15,may,295,2,-1,0,unknown,no,1.178
28,admin.,single,unknown,no,174,no,no,cellular,28,sep,184,1,-1,0,unknown,no,0.174
46,technician,married,tertiary,no,342,yes,yes,cellular,5,may,84,1,-1,0,unknown,no,0.342
46,housemaid,married,primary,no,0,no,no,telephone,2,feb,161,1,-1,0,unknown,no,0.0
36,management,married,tertiary,no,0,yes,no,cellular,28,jan,60,1,250,1,other,no,0.0
63,retired,divorced,secondary,no,1490,no,no,cellular,8,jun,506,1,-1,0,unknown,yes,1.49
26,management,single,tertiary,no,122,no,yes,cellular,8,jul,160,1,-1,0,unknown,no,0.122
35,blue-collar,married,secondary,no,305,yes,no,cellular,18,may,7,7,367,25,failure,no,0.305
31,blue-collar,married,secondary,no,-45,yes,no,unknown,2,jun,184,1,-1,0,unknown,no,-0.045
32,management,single,tertiary,no,1831,yes,no,cellular,20,apr,86,2,-1,0,unknown,no,1.831
33,services,married,secondary,no,-333,yes,no,cellular,30,jul,329,5,-1,0,unknown,no,-0.333
36,technician,married,tertiary,no,60,no,no,cellular,19,aug,209,2,-1,0,unknown,no,0.06
40,technician,divorced,tertiary,no,1871,yes,no,cellular,17,nov,64,1,-1,0,unknown,no,1.871
53,admin.,married,secondary,no,225,yes,no,cellular,20,apr,304,1,340,1,failure,no,0.225
38,self-employed,married,tertiary,no,846,no,no,cellular,2,jun,253,1,-1,0,unknown,no,0.846
43,unemployed,single,unknown,no,3274,yes,no,cellular,22,may,680,1,95,1,failure,no,3.274
46,technician,married,secondary,no,2098,no,no,cellular,7,aug,110,2,-1,0,unknown,no,2.098
32,blue-collar,married,secondary,no,478,yes,no,unknown,3,jun,200,1,-1,0,unknown,no,0.478
51,admin.,single,tertiary,no,16,yes,no,cellular,30,jan,158,1,-1,0,unknown,no,0.016
32,technician,married,secondary,no,5122,no,no,cellular,13,aug,31,1,-1,0,unknown,no,5.122
45,technician,single,unknown,no,7108,yes,yes,cellular,18,nov,53,1,172,3,failure,no,7.108
54,technician,married,secondary,no,0,no,no,telephone,14,aug,159,2,106,6,success,no,0.0
29,student,single,unknown,no,145,no,no,cellular,14,aug,105,1,-1,0,unknown,no,0.145
49,management,single,tertiary,no,588,no,no,cellular,28,aug,70,9,-1,0,unknown,no,0.588
26,technician,single,secondary,no,261,yes,no,unknown,27,may,371,2,-1,0,unknown,no,0.261
53,technician,married,unknown,no,619,no,no,unknown,17,jun,198,6,-1,0,unknown,no,0.619
54,retired,married,secondary,no,1139,yes,no,cellular,14,may,155,1,177,7,failure,no,1.139
43,technician,single,secondary,no,34,no,no,telephone,30,jul,29,1,-1,0,unknown,no,0.034
51,blue-collar,divorced,secondary,no,78,yes,no,unknown,27,may,723,2,-1,0,unknown,no,0.078
26,student,single,secondary,no,203,no,no,cellular,16,nov,104,1,196,1,failure,no,0.203
31,entrepreneur,single,tertiary,no,38,no,no,cellular,20,nov,185,2,-1,0,unknown,no,0.038
40,admin.,single,secondary,no,263,yes,no,unknown,6,may,231,1,-1,0,unknown,no,0.263
43,technician,single,tertiary,no,1017,yes,no,unknown,19,may,257,2,-1,0,unknown,no,1.017
57,blue-collar,married,primary,no,23,yes,no,telephone,31,jul,25,8,-1,0,unknown,no,0.023
28,admin.,married,secondary,no,12,yes,no,cellular,30,jan,73,3,256,3,other,no,0.012
25,technician,single,secondary,no,-80,yes,yes,unknown,3,jun,89,1,-1,0,unknown,no,-0.08
25,student,single,secondary,no,331,no,no,telephone,26,aug,170,4,-1,0,unknown,yes,0.331
53,services,divorced,secondary,no,4554,no,no,cellular,5,feb,8,6,-1,0,unknown,no,4.554
36,admin.,single,secondary,no,319,yes,no,cellular,18,may,120,2,-1,0,unknown,no,0.319
52,management,married,secondary,no,-588,yes,no,cellular,22,jul,81,4,-1,0,unknown,no,-0.588
47,housemaid,married,secondary,no,3940,yes,no,cellular,9,nov,171,2,96,5,success,no,3.94
56,admin.,divorced,secondary,no,3337,yes,no,telephone,17,nov,99,3,-1,0,unknown,no,3.337
38,services,single,secondary,no,2253,yes,no,cellular,13,may,937,3,-1,0,unknown,yes,2.253
38,blue-collar,married,secondary,no,0,yes,no,cellular,13,may,57,5,349,1,other,no,0.0
31,services,single,secondary,no,1987,yes,no,telephone,20,nov,55,2,-1,0,unknown,no,1.987
57,technician,married,unknown,no,206,yes,no,unknown,5,may,216,3,-1,0,unknown,no,0.206
47,self-employed,married,tertiary,no,751,no,no,cellular,24,jul,408,14,-1,0,unknown,no,0.751
46,housemaid,married,primary,no,19,yes,no,telephone,21,jul,171,1,-1,0,unknown,no,0.019
36,blue-collar,married,secondary,no,439,yes,no,unknown,21,may,260,5,-1,0,unknown,no,0.439
23,blue-collar,single,primary,no,8627,yes,no,unknown,3,jun,281,1,-1,0,unknown,no,8.627
55,technician,single,tertiary,no,-703,yes,no,cellular,8,may,123,3,-1,0,unknown,no,-0.703
39,management,married,tertiary,no,691,yes,yes,cellular,16,apr,517,1,255,1,failure,no,0.691
36,technician,divorced,secondary,no,-435,yes,no,unknown,2,jun,85,8,-1,0,unknown,no,-0.435
53,services,divorced,unknown,no,1012,yes,no,cellular,28,jul,332,2,-1,0,unknown,no,1.012
40,student,married,secondary,no,260,no,no,cellular,19,nov,52,1,152,6,failure,no,0.26
48,technician,married,secondary,no,17,yes,yes,cellular,17,nov,81,1,-1,0,unknown,no,0.017
44,technician,married,secondary,no,10888,yes,no,cellular,5,aug,163,1,-1,0,unknown,no,10.888
28,technician,single,secondary,no,227,no,no,cellular,30,apr,278,1,-1,0,unknown,yes,0.227
34,entrepreneur,married,tertiary,no,105,yes,no,unknown,28,may,249,2,-1,0,unknown,no,0.105
28,services,single,secondary,no,290,yes,no,cellular,18,may,128,1,-1,0,unknown,no,0.29
49,management,divorced,tertiary,no,2370,yes,yes,unknown,17,nov,56,1,103,2,other,no,2.37
59,retired,single,secondary,no,351,yes,no,unknown,27,may,1063,5,-1,0,unknown,yes,0.351
46,technician,married,secondary,no,1427,yes,no,unknown,14,may,32,3,-1,0,unknown,no,1.427
31,self-employed,married,secondary,no,33,no,no,cellular,6,aug,165,4,-1,0,unknown,no,0.033
55,management,married,tertiary,no,-375,no,no,cellular,30,jul,814,2,-1,0,unknown,yes,-0.375
55,blue-collar,single,primary,no,1187,yes,no,unknown,2,jun,193,2,-1,0,unknown,no,1.187
47,entrepreneur,married,primary,no,668,no,no,cellular,12,may,908,1,-1,0,unknown,no,0.668
52,blue-collar,married,secondary,no,2087,yes,no,cellular,31,aug,267,1,474,1,failure,yes,2.087
41,self-employed,married,secondary,no,28,yes,no,cellular,11,may,49,1,-1,0,unknown,no,0.028
50,entrepreneur,married,secondary,no,806,yes,yes,cellular,7,may,141,8,297,2,other,no,0.806
44,services,single,secondary,no,1378,yes,no,unknown,8,may,257,2,-1,0,unknown,no,1.378
69,retired,married,secondary,no,745,no,no,telephone,9,sep,595,1,-1,0,unknown,no,0.745
40,management,married,tertiary,no,-495,no,yes,cellular,29,jul,303,2,-1,0,unknown,no,-0.495
63,retired,married,primary,no,8044,no,no,cellular,12,nov,702,1,-1,0,unknown,no,8.044
31,self-employed,single,tertiary,yes,-282,yes,no,cellular,20,nov,131,3,-1,0,unknown,no,-0.282
36,blue-collar,married,secondary,no,2357,yes,no,unknown,17,jun,228,2,-1,0,unknown,no,2.357
38,self-employed,single,secondary,no,1146,yes,no,unknown,21,may,91,2,-1,0,unknown,no,1.146
42,blue-collar,single,secondary,no,1080,yes,yes,cellular,13,may,951,3,370,4,failure,yes,1.08
38,blue-collar,divorced,secondary,no,595,yes,no,cellular,7,may,245,3,-1,0,unknown,no,0.595
37,management,divorced,tertiary,no,896,no,yes,cellular,14,aug,343,2,-1,0,unknown,no,0.896
40,technician,married,secondary,no,257,yes,no,unknown,16,may,731,4,-1,0,unknown,no,0.257
56,admin.,married,secondary,no,16873,no,no,cellular,7,oct,223,1,-1,0,unknown,no,16.873
50,management,married,tertiary,no,4,no,no,cellular,17,nov,223,1,96,2,failure,no,0.004
37,services,single,secondary,no,21,yes,no,cellular,2,feb,96,1,271,2,other,no,0.021
26,management,single,tertiary,no,350,no,no,cellular,8,jul,367,1,-1,0,unknown,no,0.35
33,admin.,married,secondary,no,-6,yes,no,unknown,7,may,566,2,-1,0,unknown,no,-0.006
51,services,married,secondary,no,0,no,no,cellular,18,jul,439,3,-1,0,unknown,no,0.0
58,technician,married,secondary,no,116,no,no,unknown,16,jun,580,3,-1,0,unknown,no,0.116
34,management,married,tertiary,no,4170,yes,no,unknown,21,may,935,1,-1,0,unknown,no,4.17
40,services,single,secondary,no,888,yes,no,unknown,12,may,169,2,-1,0,unknown,no,0.888
34,management,married,tertiary,no,697,no,no,cellular,5,aug,166,1,-1,0,unknown,no,0.697
38,blue-collar,single,secondary,no,13156,yes,no,cellular,17,apr,291,4,331,1,failure,no,13.156
31,admin.,single,secondary,no,68,yes,no,cellular,16,apr,570,2,-1,0,unknown,no,0.068
39,self-employed,single,unknown,no,0,no,no,unknown,20,jun,13,11,-1,0,unknown,no,0.0
39,management,married,tertiary,no,2763,yes,no,unknown,2,jun,526,2,-1,0,unknown,yes,2.763
30,services,single,secondary,no,3485,no,no,cellular,2,feb,142,2,-1,0,unknown,no,3.485
57,management,married,secondary,no,82,no,yes,telephone,4,feb,140,1,-1,0,unknown,no,0.082
42,technician,married,secondary,no,4945,yes,no,cellular,2,mar,311,2,-1,0,unknown,yes,4.945
33,technician,married,secondary,no,133,no,no,cellular,4,may,218,1,-1,0,unknown,yes,0.133
52,technician,married,secondary,no,3554,no,yes,cellular,8,jul,89,1,-1,0,unknown,no,3.554
38,technician,married,secondary,no,994,no,no,unknown,9,jun,119,1,-1,0,unknown,no,0.994
38,management,single,tertiary,no,493,yes,no,cellular,11,may,553,1,367,7,failure,no,0.493
40,services,married,unknown,no,4075,yes,no,unknown,16,jun,162,3,-1,0,unknown,no,4.075
36,management,married,tertiary,no,222,yes,no,cellular,6,may,317,1,169,2,failure,no,0.222
35,self-employed,single,tertiary,no,44,no,no,cellular,7,sep,310,2,96,2,other,no,0.044
42,admin.,married,secondary,no,529,yes,yes,cellular,19,nov,193,3,-1,0,unknown,no,0.529
30,technician,married,tertiary,no,569,no,no,cellular,27,aug,976,12,-1,0,unknown,yes,0.569
46,management,single,tertiary,no,593,yes,no,cellular,29,jan,190,3,-1,0,unknown,no,0.593
37,blue-collar,divorced,secondary,no,0,yes,no,cellular,21,apr,146,4,-1,0,unknown,yes,0.0
38,blue-collar,single,primary,no,490,yes,yes,unknown,25,aug,17,1,-1,0,unknown,no,0.49
38,retired,single,unknown,no,62,no,no,unknown,19,jun,212,1,-1,0,unknown,no,0.062
19,student,single,primary,no,103,no,no,cellular,10,jul,104,2,-1,0,unknown,yes,0.103
64,retired,married,tertiary,no,846,no,no,cellular,11,feb,671,1,181,3,failure,yes,0.846
72,retired,married,primary,no,763,no,no,cellular,24,apr,384,2,-1,0,unknown,yes,0.763
28,self-employed,single,tertiary,no,4579,no,no,cellular,12,jan,409,2,-1,0,unknown,yes,4.579
45,management,single,tertiary,no,16,no,no,cellular,31,jul,59,2,-1,0,unknown,no,0.016
36,management,married,tertiary,no,1852,no,no,unknown,8,may,362,1,-1,0,unknown,no,1.852
54,blue-collar,married,primary,no,4503,no,no,telephone,21,nov,168,3,-1,0,unknown,no,4.503
45,technician,married,secondary,no,315,yes,no,cellular,30,jun,103,1,-1,0,unknown,no,0.315
27,blue-collar,single,secondary,no,23,no,no,cellular,26,feb,590,2,-1,0,unknown,no,0.023
48,management,married,tertiary,no,1147,no,no,cellular,5,aug,389,1,64,2,success,yes,1.147
25,technician,single,secondary,no,505,no,yes,cellular,17,nov,386,2,-1,0,unknown,yes,0.505
44,blue-collar,married,primary,no,-237,yes,no,telephone,10,jul,73,1,-1,0,unknown,no,-0.237
32,blue-collar,married,primary,no,329,yes,no,cellular,3,feb,321,1,-1,0,unknown,no,0.329
37,services,single,tertiary,no,223,yes,no,unknown,28,may,25,1,-1,0,unknown,no,0.223
34,services,married,secondary,no,0,no,yes,unknown,2,jul,193,4,-1,0,unknown,no,0.0
58,blue-collar,divorced,secondary,no,314,no,no,unknown,25,jun,67,2,-1,0,unknown,no,0.314
62,management,married,tertiary,no,0,no,no,cellular,13,oct,78,3,-1,0,unknown,no,0.0
35,admin.,married,secondary,no,8652,yes,no,unknown,24,jun,103,6,-1,0,unknown,no,8.652
41,technician,single,secondary,no,618,no,no,cellular,5,feb,1056,1,-1,0,unknown,no,0.618
59,self-employed,married,tertiary,no,593,no,no,unknown,13,may,64,2,-1,0,unknown,no,0.593
28,admin.,single,secondary,no,177,yes,yes,cellular,6,may,150,1,-1,0,unknown,no,0.177
46,entrepreneur,married,unknown,no,242,yes,no,unknown,9,may,332,2,-1,0,unknown,no,0.242
59,technician,married,secondary,no,2308,no,no,cellular,30,apr,815,1,87,1,other,yes,2.308
33,technician,married,tertiary,no,8023,no,no,cellular,30,nov,107,1,105,3,failure,no,8.023
26,blue-collar,single,secondary,no,-32,yes,yes,cellular,31,jul,14,6,-1,0,unknown,no,-0.032
28,blue-collar,married,primary,no,702,yes,no,unknown,26,jun,318,2,-1,0,unknown,no,0.702
29,blue-collar,single,primary,no,950,yes,no,unknown,4,jun,135,3,-1,0,unknown,no,0.95
26,admin.,single,secondary,no,609,no,no,telephone,28,jan,112,1,-1,0,unknown,no,0.609
41,blue-collar,married,secondary,no,641,yes,no,unknown,13,may,161,1,-1,0,unknown,no,0.641
32,admin.,single,secondary,no,678,yes,no,cellular,4,feb,1579,1,246,4,failure,yes,0.678
51,management,married,tertiary,no,176,yes,yes,unknown,1,jun,8,1,687,2,failure,no,0.176
26,services,single,secondary,no,0,no,no,cellular,29,jul,165,23,-1,0,unknown,no,0.0
56,housemaid,divorced,primary,yes,1238,no,no,unknown,5,jun,1558,1,-1,0,unknown,yes,1.238
48,technician,married,tertiary,no,310,no,no,unknown,6,may,135,1,-1,0,unknown,no,0.31
42,blue-collar,married,secondary,no,-921,yes,no,unknown,26,may,115,2,-1,0,unknown,no,-0.921
38,services,married,secondary,no,0,yes,no,telephone,28,jul,121,2,-1,0,unknown,no,0.0
40,management,married,tertiary,no,-1212,yes,no,cellular,15,may,1259,2,333,18,failure,no,-1.212
34,self-employed,married,tertiary,no,5498,no,no,cellular,19,nov,265,1,-1,0,unknown,no,5.498
47,technician,married,secondary,no,-9,no,no,cellular,14,aug,457,2,-1,0,unknown,no,-0.009
55,retired,married,secondary,no,159,no,no,cellular,28,aug,159,1,-1,0,unknown,no,0.159
39,management,single,secondary,no,36,no,no,cellular,29,aug,70,2,-1,0,unknown,no,0.036
48,technician,single,tertiary,no,-551,yes,no,cellular,11,may,168,2,-1,0,unknown,no,-0.551
49,technician,divorced,tertiary,no,0,yes,no,cellular,12,jun,177,3,-1,0,unknown,no,0.0
28,services,single,secondary,no,2685,no,yes,unknown,24,aug,5,1,-1,0,unknown,no,2.685
33,services,married,secondary,no,210,yes,yes,unknown,20,may,201,1,-1,0,unknown,no,0.21
26,admin.,married,secondary,no,2469,no,no,cellular,16,jul,136,8,-1,0,unknown,no,2.469
31,management,married,tertiary,no,4148,yes,no,cellular,21,nov,316,3,99,9,other,yes,4.148
60,admin.,divorced,secondary,no,174,yes,no,cellular,15,may,241,1,364,1,failure,no,0.174
48,admin.,married,unknown,no,0,yes,no,cellular,8,may,85,1,168,2,failure,no,0.0
34,blue-collar,married,primary,no,428,yes,no,cellular,18,may,59,2,-1,0,unknown,no,0.428
24,blue-collar,single,secondary,no,77,yes,no,unknown,16,may,236,2,-1,0,unknown,no,0.077
36,admin.,single,secondary,no,47,no,yes,cellular,9,jul,36,6,-1,0,unknown,no,0.047
34,services,married,secondary,no,2211,no,no,unknown,8,may,149,1,-1,0,unknown,no,2.211
49,blue-collar,married,primary,no,365,no,no,unknown,26,may,59,2,-1,0,unknown,no,0.365
52,blue-collar,married,secondary,no,-98,yes,no,unknown,7,may,423,1,-1,0,unknown,no,-0.098
33,management,single,tertiary,no,23,no,no,cellular,20,aug,216,3,-1,0,unknown,no,0.023
32,technician,single,secondary,no,271,yes,no,cellular,13,may,80,2,268,2,other,no,0.271
50,entrepreneur,married,tertiary,no,52,no,no,cellular,31,jul,22,8,-1,0,unknown,no,0.052
57,retired,married,unknown,no,1621,yes,no,unknown,19,jun,108,1,-1,0,unknown,no,1.621
65,unknown,married,unknown,no,300,no,no,cellular,12,jan,105,1,-1,0,unknown,no,0.3
44,admin.,single,secondary,no,2524,no,no,unknown,19,jun,82,1,-1,0,unknown,no,2.524
32,services,single,secondary,no,2881,no,no,cellular,2,jul,356,1,-1,0,unknown,yes,2.881
53,management,married,tertiary,no,37,no,no,cellular,28,aug,51,9,-1,0,unknown,no,0.037
30,unknown,single,tertiary,no,6836,no,no,cellular,27,feb,30,3,-1,0,unknown,no,6.836
55,services,divorced,secondary,yes,-404,yes,no,cellular,22,jul,502,3,-1,0,unknown,no,-0.404
45,blue-collar,married,primary,no,2433,no,no,cellular,6,aug,133,2,-1,0,unknown,no,2.433
33,management,single,tertiary,no,1998,no,no,cellular,19,nov,570,1,-1,0,unknown,no,1.998
36,management,single,tertiary,no,1283,no,no,cellular,18,aug,92,5,-1,0,unknown,no,1.283
41,admin.,married,secondary,no,21515,yes,no,unknown,5,jun,87,1,-1,0,unknown,no,21.515
28,admin.,single,secondary,no,189,yes,no,cellular,31,jul,68,2,-1,0,unknown,no,0.189
28,technician,single,tertiary,no,102,no,no,cellular,28,jan,321,2,-1,0,unknown,no,0.102
37,services,divorced,secondary,no,490,yes,no,cellular,2,feb,73,1,-1,0,unknown,no,0.49
36,management,single,tertiary,no,678,no,yes,unknown,4,jul,85,3,-1,0,unknown,no,0.678
40,management,married,tertiary,no,542,yes,no,cellular,20,nov,1816,1,-1,0,unknown,no,0.542
28,student,single,tertiary,no,1562,no,no,cellular,15,feb,659,4,-1,0,unknown,yes,1.562
56,management,single,tertiary,no,15311,no,no,cellular,29,apr,157,6,-1,0,unknown,no,15.311
60,retired,divorced,secondary,no,598,no,yes,cellular,8,jul,96,1,-1,0,unknown,no,0.598
43,technician,married,secondary,no,50,no,no,unknown,28,may,63,1,-1,0,unknown,no,0.05
29,services,married,primary,no,-102,no,no,unknown,4,jul,134,1,-1,0,unknown,no,-0.102
55,blue-collar,married,primary,no,627,yes,no,unknown,5,may,247,1,-1,0,unknown,no,0.627
38,services,married,secondary,no,0,no,yes,cellular,16,jul,1473,6,-1,0,unknown,no,0.0
55,blue-collar,married,secondary,no,989,yes,yes,unknown,23,may,246,4,-1,0,unknown,no,0.989
38,entrepreneur,married,secondary,no,593,yes,yes,cellular,24,jul,1484,24,-1,0,unknown,yes,0.593
40,management,married,tertiary,no,8969,yes,no,cellular,17,nov,153,1,-1,0,unknown,no,8.969
53,self-employed,married,tertiary,no,451,yes,no,cellular,2,feb,125,1,249,2,failure,no,0.451
31,technician,married,secondary,no,2363,yes,no,unknown,13,may,247,1,-1,0,unknown,no,2.363
32,services,married,secondary,no,255,yes,yes,unknown,21,may,86,2,-1,0,unknown,no,0.255
41,unknown,single,tertiary,no,1567,no,no,cellular,1,jul,291,2,-1,0,unknown,no,1.567
45,entrepreneur,married,tertiary,no,0,yes,no,cellular,29,jul,100,3,-1,0,unknown,no,0.0
59,housemaid,married,primary,no,235,no,no,cellular,13,aug,119,2,-1,0,unknown,no,0.235
26,management,single,secondary,no,63,no,no,cellular,28,jul,76,4,-1,0,unknown,no,0.063
62,retired,married,secondary,no,816,no,no,cellular,1,sep,28,2,-1,0,unknown,no,0.816
34,admin.,single,tertiary,no,18,yes,yes,cellular,30,apr,359,1,-1,0,unknown,yes,0.018
36,management,married,secondary,no,1825,yes,no,cellular,14,may,24,1,346,1,failure,no,1.825
27,admin.,married,secondary,no,186,yes,no,unknown,27,may,136,2,-1,0,unknown,no,0.186
36,blue-collar,divorced,secondary,no,-140,yes,no,unknown,26,may,222,2,-1,0,unknown,no,-0.14
42,management,married,tertiary,no,520,no,no,cellular,4,nov,158,1,-1,0,unknown,no,0.52
34,blue-collar,married,secondary,no,326,yes,yes,unknown,15,may,150,2,-1,0,unknown,no,0.326
34,technician,single,secondary,no,943,no,no,cellular,29,aug,96,4,-1,0,unknown,no,0.943
31,management,married,tertiary,no,582,yes,no,cellular,15,jul,58,2,-1,0,unknown,no,0.582
58,retired,married,secondary,no,413,no,no,cellular,27,aug,104,5,-1,0,unknown,no,0.413
35,technician,married,secondary,no,327,yes,no,cellular,13,apr,537,3,-1,0,unknown,no,0.327
32,technician,single,tertiary,no,569,no,yes,cellular,29,jan,348,1,-1,0,unknown,no,0.569
32,technician,single,secondary,no,493,no,no,cellular,13,aug,289,2,-1,0,unknown,no,0.493
52,management,married,tertiary,no,-970,yes,no,cellular,4,feb,489,1,-1,0,unknown,yes,-0.97
43,entrepreneur,married,secondary,no,104,yes,no,cellular,18,jul,635,3,-1,0,unknown,yes,0.104
30,management,single,tertiary,no,19358,no,no,cellular,19,nov,258,2,-1,0,unknown,no,19.358
41,management,married,tertiary,no,-29,no,no,cellular,29,jan,41,2,266,2,failure,no,-0.029
40,self-employed,married,primary,no,2077,yes,no,cellular,13,may,363,1,173,24,other,no,2.077
30,blue-collar,married,secondary,no,-99,yes,no,cellular,15,may,144,5,-1,0,unknown,no,-0.099
27,services,single,secondary,no,468,yes,no,cellular,13,may,109,1,-1,0,unknown,no,0.468
49,services,married,secondary,no,823,no,no,cellular,8,aug,780,4,-1,0,unknown,yes,0.823
32,management,single,tertiary,no,3616,no,no,cellular,14,aug,165,2,-1,0,unknown,no,3.616
33,admin.,married,secondary,no,95,yes,no,cellular,30,apr,335,1,-1,0,unknown,yes,0.095
51,technician,married,tertiary,no,1315,no,no,telephone,5,jun,303,2,-1,0,unknown,no,1.315
43,management,single,tertiary,no,146,no,no,cellular,21,nov,50,1,113,5,other,no,0.146
31,admin.,divorced,secondary,no,1890,yes,no,cellular,21,jul,588,1,-1,0,unknown,no,1.89
52,technician,married,secondary,no,118,no,no,cellular,28,aug,16,20,-1,0,unknown,no,0.118
30,blue-collar,single,secondary,no,178,yes,no,unknown,20,may,747,5,-1,0,unknown,no,0.178
37,blue-collar,married,primary,no,543,yes,no,unknown,21,may,281,1,-1,0,unknown,no,0.543
34,admin.,married,secondary,no,613,yes,no,cellular,4,jun,80,1,-1,0,unknown,no,0.613
53,technician,married,secondary,no,206,no,no,cellular,26,aug,87,6,-1,0,unknown,no,0.206
55,unemployed,married,tertiary,no,383,no,no,unknown,6,may,343,3,-1,0,unknown,no,0.383
56,management,divorced,tertiary,no,659,no,yes,cellular,2,jun,56,1,-1,0,unknown,no,0.659
38,blue-collar,divorced,secondary,no,157,no,no,unknown,9,jun,299,5,-1,0,unknown,no,0.157
22,student,single,unknown,no,47,no,no,cellular,3,jul,69,3,-1,0,unknown,no,0.047
29,blue-collar,single,tertiary,no,455,no,no,telephone,21,apr,403,1,-1,0,unknown,yes,0.455
33,management,married,tertiary,no,641,yes,no,cellular,13,aug,347,2,-1,0,unknown,no,0.641
26,student,single,secondary,no,-147,no,no,unknown,4,jun,95,2,-1,0,unknown,no,-0.147
33,blue-collar,married,primary,no,1165,yes,no,unknown,21,may,420,2,-1,0,unknown,no,1.165
46,blue-collar,single,secondary,no,324,yes,no,unknown,30,may,293,6,-1,0,unknown,no,0.324
79,retired,divorced,unknown,no,2628,no,no,telephone,8,jul,220,7,450,2,failure,no,2.628
52,blue-collar,married,primary,no,1054,no,no,cellular,4,aug,273,1,-1,0,unknown,no,1.054
53,unemployed,married,primary,no,980,yes,no,cellular,3,dec,352,1,-1,0,unknown,yes,0.98
38,technician,married,secondary,no,4030,yes,no,cellular,19,nov,75,2,177,5,failure,no,4.03
47,technician,married,primary,no,145,yes,no,unknown,7,may,157,6,-1,0,unknown,no,0.145
58,management,married,tertiary,no,3228,no,no,cellular,19,aug,58,2,-1,0,unknown,no,3.228
33,services,divorced,secondary,no,2411,yes,no,cellular,23,oct,130,1,161,1,failure,yes,2.411
42,housemaid,divorced,tertiary,no,364,no,no,cellular,18,nov,52,1,-1,0,unknown,no,0.364
50,blue-collar,married,primary,no,8139,yes,no,cellular,18,aug,256,6,-1,0,unknown,no,8.139
59,admin.,divorced,secondary,no,174,yes,no,unknown,16,may,204,1,-1,0,unknown,no,0.174
40,admin.,married,secondary,no,168,yes,no,cellular,7,may,249,2,169,1,failure,no,0.168
41,housemaid,single,secondary,no,231,no,no,cellular,9,jul,76,2,-1,0,unknown,no,0.231
70,retired,married,primary,no,3782,no,no,cellular,16,mar,618,1,-1,0,unknown,no,3.782
56,retired,married,primary,no,1906,no,yes,unknown,19,jun,45,9,-1,0,unknown,no,1.906
31,services,married,secondary,no,413,yes,no,unknown,13,may,65,1,-1,0,unknown,no,0.413
32,management,single,tertiary,no,12607,no,no,cellular,14,aug,203,5,84,1,failure,no,12.607
56,blue-collar,married,primary,no,379,no,no,cellular,13,aug,58,5,-1,0,unknown,no,0.379
34,technician,married,tertiary,no,197,no,no,cellular,20,aug,78,3,-1,0,unknown,yes,0.197
83,retired,married,primary,no,425,no,no,telephone,22,jun,883,1,140,1,failure,yes,0.425
31,blue-collar,married,secondary,no,1766,no,yes,cellular,5,jun,166,2,-1,0,unknown,yes,1.766
39,management,married,tertiary,no,399,no,no,cellular,9,apr,504,1,-1,0,unknown,no,0.399
41,admin.,married,primary,no,-306,yes,no,unknown,15,may,500,1,-1,0,unknown,yes,-0.306
38,admin.,divorced,tertiary,no,86,yes,no,unknown,6,may,218,1,-1,0,unknown,no,0.086
37,entrepreneur,married,tertiary,no,836,yes,no,unknown,27,may,129,2,-1,0,unknown,no,0.836
26,admin.,single,secondary,no,96,yes,no,cellular,13,may,612,2,348,3,other,no,0.096
29,technician,single,tertiary,no,2485,no,no,telephone,24,jul,48,6,-1,0,unknown,no,2.485
39,admin.,married,secondary,no,-650,no,no,cellular,15,may,123,2,364,1,failure,no,-0.65
50,management,married,tertiary,no,4374,yes,no,cellular,21,nov,163,2,113,3,failure,no,4.374
34,management,single,tertiary,no,318,yes,no,unknown,9,may,133,2,-1,0,unknown,no,0.318
30,technician,single,secondary,no,4787,yes,no,cellular,18,nov,266,1,167,2,failure,no,4.787
41,technician,married,secondary,no,0,no,no,cellular,29,aug,141,2,-1,0,unknown,no,0.0
34,blue-collar,married,secondary,no,470,yes,yes,cellular,20,apr,217,1,-1,0,unknown,no,0.47
47,blue-collar,married,primary,no,2642,no,no,cellular,13,aug,310,2,-1,0,unknown,no,2.642
49,blue-collar,married,secondary,no,2039,yes,no,cellular,6,may,451,1,169,2,failure,yes,2.039
29,services,divorced,secondary,no,92,yes,no,cellular,7,may,240,1,-1,0,unknown,no,0.092
30,technician,single,tertiary,no,60,yes,yes,unknown,7,may,306,5,-1,0,unknown,no,0.06
46,admin.,single,secondary,no,1693,yes,no,cellular,25,jan,137,1,97,1,success,no,1.693
50,blue-collar,married,secondary,no,810,yes,no,unknown,14,may,19,14,-1,0,unknown,no,0.81
38,entrepreneur,married,secondary,no,868,no,no,cellular,20,nov,452,2,-1,0,unknown,no,0.868
34,unemployed,single,tertiary,no,415,no,no,cellular,12,aug,123,1,-1,0,unknown,no,0.415
36,blue-collar,married,primary,no,1925,yes,no,cellular,20,apr,904,2,-1,0,unknown,yes,1.925
45,technician,married,secondary,no,1415,yes,no,cellular,24,jul,311,1,-1,0,unknown,no,1.415
34,blue-collar,single,tertiary,no,1011,yes,no,unknown,6,may,136,1,-1,0,unknown,no,1.011
34,blue-collar,married,secondary,no,247,yes,yes,unknown,26,may,193,5,-1,0,unknown,no,0.247
59,management,married,secondary,no,42,no,no,cellular,21,nov,40,1,-1,0,unknown,no,0.042
34,management,married,tertiary,no,8,no,no,cellular,25,aug,169,4,-1,0,unknown,no,0.008
77,retired,married,tertiary,no,7802,no,no,telephone,4,may,421,1,92,2,success,yes,7.802
33,services,divorced,secondary,no,411,yes,no,unknown,8,may,216,1,-1,0,unknown,no,0.411
25,student,single,secondary,no,8,no,no,cellular,22,apr,107,2,-1,0,unknown,yes,0.008
31,technician,single,tertiary,no,23,no,no,cellular,25,aug,121,3,-1,0,unknown,no,0.023
28,services,single,secondary,no,-427,yes,yes,unknown,21,may,965,2,-1,0,unknown,no,-0.427
34,technician,married,secondary,no,550,no,yes,cellular,9,jul,601,1,-1,0,unknown,no,0.55
27,self-employed,married,secondary,no,-220,yes,no,unknown,26,may,138,2,-1,0,unknown,no,-0.22
45,technician,married,secondary,no,1673,no,no,cellular,23,oct,76,1,-1,0,unknown,no,1.673
39,management,single,tertiary,no,0,yes,no,cellular,12,may,561,4,369,3,failure,no,0.0
40,management,married,tertiary,no,8902,yes,no,cellular,14,aug,464,5,-1,0,unknown,no,8.902
42,admin.,married,secondary,no,3165,yes,no,unknown,16,jun,298,4,-1,0,unknown,no,3.165
57,housemaid,single,secondary,no,254,no,no,cellular,8,oct,676,1,-1,0,unknown,no,0.254
35,technician,married,secondary,no,141,yes,no,cellular,19,aug,299,2,-1,0,unknown,no,0.141
37,services,divorced,secondary,no,532,yes,no,unknown,11,jun,199,1,-1,0,unknown,no,0.532
53,technician,married,tertiary,no,431,yes,no,unknown,11,jun,74,1,-1,0,unknown,no,0.431
33,admin.,single,secondary,no,2557,yes,no,cellular,18,may,186,1,-1,0,unknown,no,2.557
50,self-employed,married,secondary,no,3025,no,yes,cellular,6,aug,168,3,-1,0,unknown,no,3.025
30,blue-collar,married,primary,no,1317,yes,no,unknown,21,may,395,2,-1,0,unknown,no,1.317
34,blue-collar,single,secondary,no,3723,yes,no,unknown,27,may,47,5,-1,0,unknown,no,3.723
41,blue-collar,married,primary,no,8,yes,no,cellular,15,jul,155,2,-1,0,unknown,no,0.008
50,unemployed,divorced,secondary,no,717,yes,no,cellular,30,jan,113,1,-1,0,unknown,no,0.717
48,management,married,primary,no,1910,yes,no,unknown,29,may,413,2,-1,0,unknown,no,1.91
34,services,single,secondary,no,84,yes,no,unknown,23,may,299,1,-1,0,unknown,no,0.084
43,technician,married,secondary,no,136,no,no,cellular,25,aug,363,7,-1,0,unknown,yes,0.136
39,technician,single,unknown,no,75,no,no,unknown,6,jun,26,1,-1,0,unknown,no,0.075
31,technician,single,secondary,no,35,no,yes,cellular,16,jul,229,1,-1,0,unknown,no,0.035
42,management,married,tertiary,no,251,no,no,cellular,20,aug,413,2,-1,0,unknown,no,0.251
58,retired,married,primary,no,0,no,no,cellular,4,aug,506,1,-1,0,unknown,no,0.0
38,entrepreneur,married,tertiary,no,6704,yes,no,unknown,21,may,205,2,-1,0,unknown,no,6.704
34,blue-collar,married,secondary,no,856,yes,no,cellular,20,apr,470,1,150,5,other,no,0.856
36,technician,married,secondary,no,5902,yes,no,unknown,23,may,219,4,-1,0,unknown,no,5.902
47,management,single,tertiary,no,440,no,no,cellular,21,aug,71,4,-1,0,unknown,no,0.44
30,blue-collar,single,secondary,yes,447,no,no,unknown,14,may,103,6,-1,0,unknown,no,0.447
41,blue-collar,married,secondary,no,429,yes,no,unknown,13,may,244,1,-1,0,unknown,no,0.429
40,management,married,tertiary,no,294,yes,no,cellular,23,jul,97,5,-1,0,unknown,no,0.294
53,blue-collar,married,secondary,no,2231,yes,no,cellular,14,jul,272,3,-1,0,unknown,no,2.231
49,management,single,secondary,no,61,yes,no,cellular,29,jan,185,2,246,1,failure,no,0.061
50,admin.,divorced,secondary,no,769,no,no,cellular,28,jul,72,2,363,4,failure,no,0.769
31,blue-collar,married,secondary,no,1243,yes,no,unknown,21,may,32,1,-1,0,unknown,no,1.243
29,technician,single,tertiary,no,0,yes,no,unknown,7,may,104,2,-1,0,unknown,no,0.0
28,blue-collar,single,secondary,no,517,no,yes,cellular,8,jul,681,1,-1,0,unknown,yes,0.517
33,entrepreneur,married,primary,no,82,yes,no,cellular,18,nov,63,2,-1,0,unknown,no,0.082
33,management,married,tertiary,no,296,no,no,cellular,16,jul,90,2,-1,0,unknown,no,0.296
28,services,married,secondary,no,0,yes,no,cellular,5,may,335,2,281,8,failure,no,0.0
65,housemaid,married,primary,no,2179,yes,no,cellular,4,sep,112,7,-1,0,unknown,no,2.179
37,management,single,tertiary,no,37,no,no,cellular,28,jan,253,2,-1,0,unknown,no,0.037
45,services,single,secondary,no,1757,yes,no,cellular,20,apr,1010,3,326,1,other,no,1.757
34,technician,single,tertiary,no,992,yes,no,cellular,4,may,301,1,88,2,success,no,0.992
79,retired,married,secondary,no,4738,no,no,telephone,9,jul,151,5,-1,0,unknown,no,4.738
29,services,married,secondary,no,11417,yes,no,unknown,28,may,272,2,-1,0,unknown,no,11.417
33,services,married,secondary,no,804,yes,yes,unknown,8,may,266,1,-1,0,unknown,no,0.804
53,retired,divorced,secondary,yes,-200,no,yes,unknown,6,jun,161,1,-1,0,unknown,no,-0.2
49,blue-collar,married,secondary,no,2039,yes,no,cellular,18,nov,283,2,-1,0,unknown,no,2.039
32,technician,married,secondary,no,2693,yes,no,unknown,21,may,16,1,-1,0,unknown,no,2.693
32,self-employed,married,primary,no,286,yes,no,cellular,6,aug,175,1,-1,0,unknown,no,0.286
59,retired,divorced,primary,no,7179,no,no,cellular,5,feb,150,1,-1,0,unknown,no,7.179
48,management,married,tertiary,yes,-13,yes,no,cellular,15,may,20,6,291,2,other,no,-0.013
47,blue-collar,married,primary,no,320,no,no,telephone,30,jul,203,2,-1,0,unknown,no,0.32
31,admin.,married,secondary,no,5,yes,yes,cellular,16,jul,101,7,-1,0,unknown,no,0.005
35,technician,divorced,secondary,no,69,yes,no,unknown,8,may,461,3,-1,0,unknown,no,0.069
50,self-employed,married,tertiary,no,4012,no,no,cellular,19,nov,690,3,-1,0,unknown,no,4.012
55,housemaid,married,secondary,no,139,no,no,cellular,22,aug,256,2,-1,0,unknown,no,0.139
58,management,married,secondary,no,111,no,no,telephone,24,mar,58,2,-1,0,unknown,no,0.111
28,admin.,single,secondary,no,89,yes,yes,cellular,6,feb,172,2,-1,0,unknown,no,0.089
43,services,divorced,secondary,no,0,no,no,cellular,31,jul,106,4,-1,0,unknown,no,0.0
42,technician,married,secondary,no,-1310,yes,yes,unknown,28,may,162,1,-1,0,unknown,no,-1.31
34,technician,single,secondary,no,179,no,no,cellular,19,aug,294,3,-1,0,unknown,no,0.179
31,admin.,married,secondary,no,236,yes,yes,telephone,4,may,211,3,-1,0,unknown,no,0.236
34,technician,single,secondary,no,4943,yes,yes,cellular,19,nov,117,2,-1,0,unknown,no,4.943
45,admin.,married,secondary,no,204,yes,no,cellular,3,jun,224,2,-1,0,unknown,yes,0.204
47,technician,married,secondary,no,-938,yes,no,unknown,28,may,176,2,-1,0,unknown,no,-0.938
31,technician,single,secondary,no,1094,yes,no,unknown,12,jun,93,8,-1,0,unknown,no,1.094
48,services,married,secondary,yes,-20,no,no,cellular,20,aug,142,2,-1,0,unknown,no,-0.02
70,retired,married,secondary,no,1164,no,no,telephone,14,may,338,3,185,2,failure,no,1.164
32,technician,married,secondary,no,4,no,no,cellular,4,feb,145,2,260,4,failure,no,0.004
38,blue-collar,married,secondary,no,171,yes,yes,unknown,20,may,172,1,-1,0,unknown,no,0.171
49,blue-collar,married,secondary,no,-454,yes,no,cellular,14,may,558,1,-1,0,unknown,yes,-0.454
37,unknown,married,unknown,no,1699,no,no,unknown,9,jun,63,1,-1,0,unknown,no,1.699
38,blue-collar,married,secondary,no,5092,yes,no,unknown,17,jun,145,6,-1,0,unknown,no,5.092
43,technician,single,secondary,no,593,yes,no,unknown,5,may,55,1,-1,0,unknown,no,0.593
46,blue-collar,married,secondary,no,123,no,no,cellular,20,aug,381,3,-1,0,unknown,no,0.123
49,entrepreneur,married,secondary,no,1916,no,yes,telephone,14,jul,281,3,-1,0,unknown,no,1.916
32,blue-collar,married,secondary,no,759,yes,no,cellular,9,apr,317,5,-1,0,unknown,yes,0.759
53,entrepreneur,married,tertiary,no,71,no,yes,cellular,29,jan,86,1,-1,0,unknown,no,0.071
31,admin.,married,secondary,no,212,yes,no,cellular,18,jul,191,3,-1,0,unknown,no,0.212
41,blue-collar,married,primary,no,0,yes,no,unknown,30,may,232,3,-1,0,unknown,no,0.0
31,technician,married,secondary,no,0,no,yes,cellular,15,jul,624,6,-1,0,unknown,no,0.0
42,technician,married,secondary,no,2030,yes,yes,cellular,9,jul,196,1,-1,0,unknown,no,2.03
35,technician,married,secondary,no,1067,no,yes,cellular,12,aug,179,6,-1,0,unknown,no,1.067
34,technician,married,secondary,no,1,yes,no,cellular,19,nov,108,1,-1,0,unknown,no,0.001
36,services,single,secondary,no,774,yes,no,cellular,3,feb,231,2,259,1,failure,no,0.774
35,management,married,tertiary,no,8,no,no,cellular,23,apr,93,3,-1,0,unknown,yes,0.008
40,management,married,tertiary,no,194,no,yes,cellular,29,aug,189,2,-1,0,unknown,no,0.194
49,services,single,secondary,no,133,no,no,unknown,11,jun,319,6,-1,0,unknown,no,0.133
32,admin.,single,secondary,no,620,yes,no,unknown,26,may,1234,3,-1,0,unknown,yes,0.62
31,services,married,secondary,no,338,yes,no,cellular,28,jan,155,1,-1,0,unknown,no,0.338
28,technician,single,secondary,no,769,yes,no,cellular,15,may,153,1,371,2,failure,no,0.769
42,blue-collar,married,secondary,no,-422,no,no,cellular,9,jul,31,1,-1,0,unknown,no,-0.422
31,management,married,tertiary,no,1224,yes,yes,cellular,24,jul,1441,2,-1,0,unknown,yes,1.224
32,blue-collar,divorced,secondary,no,739,yes,no,unknown,9,may,171,1,-1,0,unknown,no,0.739
58,unemployed,married,secondary,no,610,yes,no,telephone,29,jul,246,2,-1,0,unknown,no,0.61
34,self-employed,married,secondary,no,-370,yes,no,unknown,21,may,748,1,-1,0,unknown,no,-0.37
28,management,single,tertiary,no,-328,yes,no,telephone,2,feb,318,2,-1,0,unknown,no,-0.328
35,management,married,tertiary,no,949,yes,no,unknown,27,may,245,2,-1,0,unknown,no,0.949
54,unknown,married,unknown,no,2508,no,no,unknown,20,jun,34,8,-1,0,unknown,no,2.508
39,blue-collar,married,secondary,no,1045,yes,yes,cellular,9,jul,290,13,-1,0,unknown,no,1.045
54,services,married,secondary,no,812,no,no,cellular,31,jul,113,6,-1,0,unknown,no,0.812
34,student,single,unknown,no,1281,no,no,cellular,25,aug,279,1,117,1,failure,no,1.281
57,unemployed,married,primary,no,0,no,no,unknown,9,jun,540,1,-1,0,unknown,no,0.0
34,management,single,tertiary,no,340,yes,no,unknown,3,jun,633,28,-1,0,unknown,no,0.34
30,entrepreneur,married,secondary,no,946,yes,no,cellular,19,nov,1065,1,183,1,other,no,0.946
29,entrepreneur,single,secondary,no,404,no,no,cellular,30,jan,413,3,-1,0,unknown,no,0.404
48,blue-collar,single,secondary,no,312,yes,yes,cellular,3,feb,369,2,-1,0,unknown,no,0.312
34,blue-collar,married,primary,no,79,yes,no,cellular,14,may,406,2,-1,0,unknown,no,0.079
57,technician,married,secondary,no,589,yes,no,cellular,2,feb,223,1,76,4,failure,no,0.589
43,blue-collar,married,secondary,no,130,no,no,cellular,5,may,156,1,337,3,failure,no,0.13
47,services,single,unknown,no,1784,no,no,cellular,19,oct,385,2,-1,0,unknown,yes,1.784
34,entrepreneur,married,secondary,no,-139,yes,yes,unknown,27,may,492,2,-1,0,unknown,no,-0.139
43,technician,married,secondary,no,3285,yes,no,unknown,13,may,1721,2,-1,0,unknown,yes,3.285
30,blue-collar,married,primary,no,-518,yes,yes,unknown,28,may,244,6,-1,0,unknown,no,-0.518
42,management,married,unknown,no,1519,no,no,cellular,19,oct,230,1,92,1,success,yes,1.519
45,housemaid,married,primary,no,4994,no,no,unknown,20,jun,48,1,-1,0,unknown,no,4.994
35,blue-collar,married,secondary,no,243,yes,no,cellular,20,apr,41,3,-1,0,unknown,no,0.243
35,management,married,tertiary,yes,32,yes,no,cellular,21,nov,180,1,-1,0,unknown,no,0.032
30,management,married,tertiary,no,877,no,no,cellular,13,aug,202,1,83,5,failure,no,0.877
60,admin.,married,secondary,no,3043,no,no,cellular,19,aug,235,3,-1,0,unknown,no,3.043
46,admin.,married,secondary,no,120,yes,no,unknown,14,may,20,11,-1,0,unknown,no,0.12
42,technician,married,secondary,no,1048,yes,no,telephone,6,feb,23,2,-1,0,unknown,no,1.048
25,admin.,single,secondary,no,4590,yes,no,unknown,28,may,199,2,-1,0,unknown,no,4.59
33,technician,married,tertiary,no,16992,yes,no,unknown,29,may,58,1,-1,0,unknown,no,16.992
43,unemployed,divorced,secondary,no,4094,yes,no,cellular,21,nov,63,1,-1,0,unknown,no,4.094
33,management,married,unknown,no,18347,yes,no,unknown,23,may,415,1,-1,0,unknown,no,18.347
53,housemaid,married,primary,no,104,no,yes,unknown,5,jun,701,1,-1,0,unknown,yes,0.104
54,services,married,secondary,no,158,yes,no,unknown,19,may,198,1,-1,0,unknown,no,0.158
45,admin.,married,secondary,no,638,yes,no,cellular,20,aug,75,9,-1,0,unknown,no,0.638
29,technician,married,tertiary,no,858,yes,no,cellular,12,jun,234,7,330,1,failure,no,0.858
48,management,married,primary,no,2537,no,no,cellular,26,aug,219,6,-1,0,unknown,no,2.537
60,management,married,primary,no,252,yes,yes,cellular,13,apr,123,2,147,3,failure,no,0.252
43,blue-collar,married,primary,no,487,yes,no,unknown,7,may,548,2,-1,0,unknown,no,0.487
50,services,married,primary,no,1260,no,no,cellular,18,nov,172,1,-1,0,unknown,no,1.26
41,unemployed,divorced,secondary,no,1281,no,no,cellular,31,jul,45,3,-1,0,unknown,no,1.281
40,technician,single,tertiary,no,825,yes,no,cellular,20,apr,38,1,335,1,other,no,0.825
25,entrepreneur,single,tertiary,no,16874,yes,yes,cellular,15,may,117,2,-1,0,unknown,no,16.874
35,blue-collar,divorced,primary,no,1792,yes,no,cellular,31,jul,630,6,-1,0,unknown,yes,1.792
37,technician,divorced,secondary,no,79,no,no,cellular,21,jul,191,1,-1,0,unknown,no,0.079
33,blue-collar,single,secondary,no,-416,yes,no,unknown,16,may,767,2,-1,0,unknown,yes,-0.416
55,management,divorced,unknown,no,2,yes,no,unknown,19,may,95,1,-1,0,unknown,no,0.002
30,blue-collar,single,secondary,no,75,yes,no,unknown,16,may,123,1,-1,0,unknown,no,0.075
40,blue-collar,married,secondary,no,61,yes,no,unknown,7,may,112,3,-1,0,unknown,no,0.061
49,entrepreneur,married,secondary,no,167,yes,yes,unknown,6,may,198,3,-1,0,unknown,no,0.167
31,management,single,tertiary,no,62,yes,no,cellular,18,may,175,1,293,5,failure,no,0.062
